[
    {
        "inputs": [],
        "stateMutability": "nonpayable",
        "type": "constructor"
    },
    {
        "inputs": [
            {
                "internalType": "uint256",
                "name": "id",
                "type": "uint256"
            },
            {
                "internalType": "address",
                "name": "_buyer",
                "type": "address"
            }
        ],
        "name": "acceptOffer",
        "outputs": [],
        "stateMutability": "nonpayable",
        "type": "function"
    },
    {
        "inputs": [
            {
                "internalType": "uint256",
                "name": "id",
                "type": "uint256"
            },
            {
                "internalType": "address",
                "name": "_exchanger",
                "type": "address"
            }
        ],
        "name": "acceptOfferExchange",
        "outputs": [],
        "stateMutability": "nonpayable",
        "type": "function"
    },
    {
        "inputs": [
            {
                "internalType": "uint256",
                "name": "id",
                "type": "uint256"
            }
        ],
        "name": "buyCard",
        "outputs": [],
        "stateMutability": "payable",
        "type": "function"
    },
    {
        "inputs": [
            {
                "internalType": "uint256",
                "name": "id",
                "type": "uint256"
            }
        ],
        "name": "buyCardFromPlayer",
        "outputs": [],
        "stateMutability": "payable",
        "type": "function"
    },
    {
        "inputs": [
            {
                "internalType": "uint256",
                "name": "parentA",
                "type": "uint256"
            },
            {
                "internalType": "uint256",
                "name": "parentB",
                "type": "uint256"
            }
        ],
        "name": "collectBreeding",
        "outputs": [],
        "stateMutability": "nonpayable",
        "type": "function"
    },
    {
        "inputs": [],
        "name": "createBulbasaur",
        "outputs": [],
        "stateMutability": "nonpayable",
        "type": "function"
    },
    {
        "inputs": [
            {
                "internalType": "enum myLib.Species",
                "name": "species",
                "type": "uint8"
            },
            {
                "internalType": "uint256",
                "name": "price",
                "type": "uint256"
            },
            {
                "internalType": "uint256",
                "name": "attack",
                "type": "uint256"
            },
            {
                "internalType": "uint256",
                "name": "hp",
                "type": "uint256"
            },
            {
                "internalType": "uint256",
                "name": "def",
                "type": "uint256"
            },
            {
                "internalType": "enum myLib.Types",
                "name": "typ",
                "type": "uint8"
            }
        ],
        "name": "createCard",
        "outputs": [],
        "stateMutability": "nonpayable",
        "type": "function"
    },
    {
        "inputs": [],
        "name": "createCharamander",
        "outputs": [],
        "stateMutability": "nonpayable",
        "type": "function"
    },
    {
        "inputs": [],
        "name": "createPidgey",
        "outputs": [],
        "stateMutability": "nonpayable",
        "type": "function"
    },
    {
        "inputs": [],
        "name": "createSquirtle",
        "outputs": [],
        "stateMutability": "nonpayable",
        "type": "function"
    },
    {
        "inputs": [
            {
                "internalType": "address",
                "name": "froom",
                "type": "address"
            },
            {
                "internalType": "uint256",
                "name": "id",
                "type": "uint256"
            },
            {
                "internalType": "uint256",
                "name": "loser",
                "type": "uint256"
            }
        ],
        "name": "endFight",
        "outputs": [],
        "stateMutability": "nonpayable",
        "type": "function"
    },
    {
        "inputs": [
            {
                "internalType": "address",
                "name": "",
                "type": "address"
            }
        ],
        "name": "exchanges",
        "outputs": [
            {
                "internalType": "uint256",
                "name": "lastid",
                "type": "uint256"
            }
        ],
        "stateMutability": "view",
        "type": "function"
    },
    {
        "inputs": [
            {
                "internalType": "uint256",
                "name": "cardID",
                "type": "uint256"
            },
            {
                "internalType": "uint256",
                "name": "index",
                "type": "uint256"
            }
        ],
        "name": "getAddressBuyer",
        "outputs": [
            {
                "internalType": "address",
                "name": "buyer",
                "type": "address"
            }
        ],
        "stateMutability": "view",
        "type": "function"
    },
    {
        "inputs": [
            {
                "internalType": "uint256",
                "name": "cardID",
                "type": "uint256"
            },
            {
                "internalType": "uint256",
                "name": "index",
                "type": "uint256"
            }
        ],
        "name": "getAddressExhchange",
        "outputs": [
            {
                "internalType": "address",
                "name": "buyer",
                "type": "address"
            }
        ],
        "stateMutability": "view",
        "type": "function"
    },
    {
        "inputs": [
            {
                "internalType": "uint256",
                "name": "id",
                "type": "uint256"
            }
        ],
        "name": "getAttack",
        "outputs": [
            {
                "internalType": "uint256",
                "name": "attack",
                "type": "uint256"
            }
        ],
        "stateMutability": "view",
        "type": "function"
    },
    {
        "inputs": [
            {
                "internalType": "uint256",
                "name": "id",
                "type": "uint256"
            }
        ],
        "name": "getCardInfo",
        "outputs": [
            {
                "internalType": "uint256",
                "name": "_id",
                "type": "uint256"
            },
            {
                "internalType": "address",
                "name": "owner",
                "type": "address"
            },
            {
                "internalType": "uint256",
                "name": "price",
                "type": "uint256"
            },
            {
                "internalType": "bool",
                "name": "inStore",
                "type": "bool"
            },
            {
                "internalType": "bool",
                "name": "isSellable",
                "type": "bool"
            },
            {
                "internalType": "uint256",
                "name": "timebreed",
                "type": "uint256"
            },
            {
                "internalType": "bool",
                "name": "isBreeding",
                "type": "bool"
            },
            {
                "internalType": "uint256",
                "name": "breedsWith",
                "type": "uint256"
            },
            {
                "internalType": "address",
                "name": "fightRoom",
                "type": "address"
            },
            {
                "internalType": "bool",
                "name": "isFighting",
                "type": "bool"
            },
            {
                "internalType": "bool",
                "name": "breedCollected",
                "type": "bool"
            }
        ],
        "stateMutability": "view",
        "type": "function"
    },
    {
        "inputs": [
            {
                "internalType": "uint256",
                "name": "_id",
                "type": "uint256"
            }
        ],
        "name": "getCardOwner",
        "outputs": [
            {
                "internalType": "address",
                "name": "owner",
                "type": "address"
            }
        ],
        "stateMutability": "view",
        "type": "function"
    },
    {
        "inputs": [
            {
                "internalType": "uint256",
                "name": "_id",
                "type": "uint256"
            }
        ],
        "name": "getCardProp",
        "outputs": [
            {
                "internalType": "enum myLib.Species",
                "name": "species",
                "type": "uint8"
            },
            {
                "internalType": "uint256",
                "name": "hp",
                "type": "uint256"
            },
            {
                "internalType": "enum myLib.Types",
                "name": "typ",
                "type": "uint8"
            },
            {
                "internalType": "uint256",
                "name": "attack",
                "type": "uint256"
            },
            {
                "internalType": "uint256",
                "name": "lvl",
                "type": "uint256"
            },
            {
                "internalType": "uint256",
                "name": "def",
                "type": "uint256"
            },
            {
                "internalType": "uint256",
                "name": "xp",
                "type": "uint256"
            }
        ],
        "stateMutability": "view",
        "type": "function"
    },
    {
        "inputs": [
            {
                "internalType": "uint256",
                "name": "id",
                "type": "uint256"
            }
        ],
        "name": "getDefense",
        "outputs": [
            {
                "internalType": "uint256",
                "name": "defense",
                "type": "uint256"
            }
        ],
        "stateMutability": "view",
        "type": "function"
    },
    {
        "inputs": [
            {
                "internalType": "uint256",
                "name": "id",
                "type": "uint256"
            }
        ],
        "name": "getHp",
        "outputs": [
            {
                "internalType": "uint256",
                "name": "hp",
                "type": "uint256"
            }
        ],
        "stateMutability": "view",
        "type": "function"
    },
    {
        "inputs": [
            {
                "internalType": "uint256",
                "name": "id",
                "type": "uint256"
            }
        ],
        "name": "getLengthListBuyer",
        "outputs": [
            {
                "internalType": "uint256",
                "name": "",
                "type": "uint256"
            }
        ],
        "stateMutability": "view",
        "type": "function"
    },
    {
        "inputs": [
            {
                "internalType": "uint256",
                "name": "id",
                "type": "uint256"
            }
        ],
        "name": "getLengthListExchange",
        "outputs": [
            {
                "internalType": "uint256",
                "name": "",
                "type": "uint256"
            }
        ],
        "stateMutability": "view",
        "type": "function"
    },
    {
        "inputs": [
            {
                "internalType": "address",
                "name": "owner",
                "type": "address"
            }
        ],
        "name": "getLengthOwnerToCard",
        "outputs": [
            {
                "internalType": "uint256",
                "name": "len",
                "type": "uint256"
            }
        ],
        "stateMutability": "view",
        "type": "function"
    },
    {
        "inputs": [
            {
                "internalType": "uint256",
                "name": "id",
                "type": "uint256"
            },
            {
                "internalType": "address",
                "name": "add",
                "type": "address"
            }
        ],
        "name": "getListBuyerVal",
        "outputs": [
            {
                "internalType": "bool",
                "name": "isOffer",
                "type": "bool"
            },
            {
                "internalType": "bool",
                "name": "acceptedTrade",
                "type": "bool"
            },
            {
                "internalType": "address",
                "name": "acceptedBuyer",
                "type": "address"
            }
        ],
        "stateMutability": "view",
        "type": "function"
    },
    {
        "inputs": [
            {
                "internalType": "uint256",
                "name": "id",
                "type": "uint256"
            },
            {
                "internalType": "address",
                "name": "add",
                "type": "address"
            }
        ],
        "name": "getListExchange",
        "outputs": [
            {
                "internalType": "bool",
                "name": "isInOffer",
                "type": "bool"
            },
            {
                "internalType": "uint256",
                "name": "card",
                "type": "uint256"
            }
        ],
        "stateMutability": "view",
        "type": "function"
    },
    {
        "inputs": [
            {
                "internalType": "uint256",
                "name": "id",
                "type": "uint256"
            }
        ],
        "name": "getLvl",
        "outputs": [
            {
                "internalType": "uint256",
                "name": "lvl",
                "type": "uint256"
            }
        ],
        "stateMutability": "view",
        "type": "function"
    },
    {
        "inputs": [
            {
                "internalType": "uint256",
                "name": "id",
                "type": "uint256"
            },
            {
                "internalType": "address",
                "name": "buyer",
                "type": "address"
            }
        ],
        "name": "getOffer",
        "outputs": [
            {
                "internalType": "bool",
                "name": "isOffer",
                "type": "bool"
            },
            {
                "internalType": "uint256",
                "name": "value",
                "type": "uint256"
            }
        ],
        "stateMutability": "view",
        "type": "function"
    },
    {
        "inputs": [
            {
                "internalType": "uint256",
                "name": "id",
                "type": "uint256"
            },
            {
                "internalType": "address",
                "name": "buyer",
                "type": "address"
            }
        ],
        "name": "getOfferExchange",
        "outputs": [
            {
                "internalType": "bool",
                "name": "isOffer",
                "type": "bool"
            },
            {
                "internalType": "uint256",
                "name": "card",
                "type": "uint256"
            }
        ],
        "stateMutability": "view",
        "type": "function"
    },
    {
        "inputs": [
            {
                "internalType": "uint256",
                "name": "id",
                "type": "uint256"
            }
        ],
        "name": "getOwner",
        "outputs": [
            {
                "internalType": "address payable",
                "name": "owner",
                "type": "address"
            }
        ],
        "stateMutability": "view",
        "type": "function"
    },
    {
        "inputs": [
            {
                "internalType": "uint256",
                "name": "_id",
                "type": "uint256"
            },
            {
                "internalType": "address",
                "name": "add",
                "type": "address"
            }
        ],
        "name": "getPendingExchange",
        "outputs": [
            {
                "internalType": "bool",
                "name": "isInExchange",
                "type": "bool"
            },
            {
                "internalType": "uint256",
                "name": "card",
                "type": "uint256"
            }
        ],
        "stateMutability": "view",
        "type": "function"
    },
    {
        "inputs": [
            {
                "internalType": "uint256",
                "name": "id",
                "type": "uint256"
            },
            {
                "internalType": "address",
                "name": "add",
                "type": "address"
            }
        ],
        "name": "getPendingTrades",
        "outputs": [
            {
                "internalType": "uint256",
                "name": "value",
                "type": "uint256"
            },
            {
                "internalType": "bool",
                "name": "isInTrade",
                "type": "bool"
            }
        ],
        "stateMutability": "view",
        "type": "function"
    },
    {
        "inputs": [
            {
                "internalType": "uint256",
                "name": "id",
                "type": "uint256"
            }
        ],
        "name": "getSpecies",
        "outputs": [
            {
                "internalType": "enum myLib.Species",
                "name": "species",
                "type": "uint8"
            }
        ],
        "stateMutability": "view",
        "type": "function"
    },
    {
        "inputs": [
            {
                "internalType": "uint256",
                "name": "id",
                "type": "uint256"
            }
        ],
        "name": "getType",
        "outputs": [
            {
                "internalType": "enum myLib.Types",
                "name": "typ",
                "type": "uint8"
            }
        ],
        "stateMutability": "view",
        "type": "function"
    },
    {
        "inputs": [
            {
                "internalType": "uint256",
                "name": "id",
                "type": "uint256"
            }
        ],
        "name": "getXP",
        "outputs": [
            {
                "internalType": "uint256",
                "name": "xp",
                "type": "uint256"
            }
        ],
        "stateMutability": "view",
        "type": "function"
    },
    {
        "inputs": [
            {
                "internalType": "uint256",
                "name": "id",
                "type": "uint256"
            },
            {
                "internalType": "uint256",
                "name": "value",
                "type": "uint256"
            }
        ],
        "name": "makeOffer",
        "outputs": [],
        "stateMutability": "nonpayable",
        "type": "function"
    },
    {
        "inputs": [
            {
                "internalType": "uint256",
                "name": "cardIdToGet",
                "type": "uint256"
            },
            {
                "internalType": "uint256",
                "name": "cardIdToExchange",
                "type": "uint256"
            }
        ],
        "name": "makeOfferExchange",
        "outputs": [],
        "stateMutability": "nonpayable",
        "type": "function"
    },
    {
        "inputs": [
            {
                "internalType": "uint256",
                "name": "id",
                "type": "uint256"
            }
        ],
        "name": "makeSellable",
        "outputs": [],
        "stateMutability": "nonpayable",
        "type": "function"
    },
    {
        "inputs": [
            {
                "internalType": "uint256",
                "name": "id",
                "type": "uint256"
            }
        ],
        "name": "makeUnsellable",
        "outputs": [],
        "stateMutability": "nonpayable",
        "type": "function"
    },
    {
        "inputs": [],
        "name": "manager",
        "outputs": [
            {
                "internalType": "address",
                "name": "",
                "type": "address"
            }
        ],
        "stateMutability": "view",
        "type": "function"
    },
    {
        "inputs": [
            {
                "internalType": "address",
                "name": "",
                "type": "address"
            },
            {
                "internalType": "uint256",
                "name": "",
                "type": "uint256"
            }
        ],
        "name": "ownersToCard",
        "outputs": [
            {
                "internalType": "uint256",
                "name": "",
                "type": "uint256"
            }
        ],
        "stateMutability": "view",
        "type": "function"
    },
    {
        "inputs": [
            {
                "internalType": "uint256",
                "name": "id",
                "type": "uint256"
            },
            {
                "internalType": "bool",
                "name": "inStore",
                "type": "bool"
            }
        ],
        "name": "setinStore",
        "outputs": [],
        "stateMutability": "nonpayable",
        "type": "function"
    },
    {
        "inputs": [
            {
                "internalType": "uint256",
                "name": "parentA",
                "type": "uint256"
            },
            {
                "internalType": "uint256",
                "name": "parentB",
                "type": "uint256"
            }
        ],
        "name": "startBreeding",
        "outputs": [],
        "stateMutability": "nonpayable",
        "type": "function"
    },
    {
        "inputs": [
            {
                "internalType": "uint256",
                "name": "fighter1",
                "type": "uint256"
            },
            {
                "internalType": "uint256",
                "name": "fighter2",
                "type": "uint256"
            }
        ],
        "name": "startFight",
        "outputs": [
            {
                "internalType": "address",
                "name": "fightAdd",
                "type": "address"
            }
        ],
        "stateMutability": "nonpayable",
        "type": "function"
    },
    {
        "inputs": [],
        "name": "totalCards",
        "outputs": [
            {
                "internalType": "uint256",
                "name": "",
                "type": "uint256"
            }
        ],
        "stateMutability": "view",
        "type": "function"
    },
    {
        "inputs": [
            {
                "internalType": "address",
                "name": "",
                "type": "address"
            }
        ],
        "name": "trades",
        "outputs": [
            {
                "internalType": "uint256",
                "name": "lastid",
                "type": "uint256"
            }
        ],
        "stateMutability": "view",
        "type": "function"
    }
]